sys_id	type	subtype	activity	sys_beg	sys_end	protein_in_syst	genes_count	name_of_profiles_in_sys
GCA_030068895.1_AbiD_1	AbiD	AbiD	Defense	NZ_JALJNT010000001.1_735	NZ_JALJNT010000001.1_735	NZ_JALJNT010000001.1_735	1	AbiD__AbiD
GCA_030068895.1_Gabija_3	Gabija	Gabija	Defense	NZ_JALJNT010000011.1_12	NZ_JALJNT010000011.1_13	NZ_JALJNT010000011.1_12,NZ_JALJNT010000011.1_13	2	Gabija__GajA,Gabija__GajB_1
GCA_030068895.1_CBASS_III_9	CBASS	CBASS_III	Defense	NZ_JALJNT010000014.1_53	NZ_JALJNT010000014.1_57	NZ_JALJNT010000014.1_53,NZ_JALJNT010000014.1_54,NZ_JALJNT010000014.1_55,NZ_JALJNT010000014.1_56,NZ_JALJNT010000014.1_57	5	CBASS__Cyclase_II,CBASS__Endonuc_small,CBASS__HORMA,CBASS__TRIP13,CBASS__bacHORMA_2
GCA_030068895.1_CAS_Class1-Subtype-I-F_11	Cas	CAS_Class1-Subtype-I-F	Defense	NZ_JALJNT010000016.1_1	NZ_JALJNT010000016.1_6	NZ_JALJNT010000016.1_1,NZ_JALJNT010000016.1_2,NZ_JALJNT010000016.1_3,NZ_JALJNT010000016.1_4,NZ_JALJNT010000016.1_5,NZ_JALJNT010000016.1_6	6	cas1_I-F_1,cas3f_I-F_1,cas5f_I-F_3,cas6f_I_II_III_IV_V_VI_3,cas7f_I-F_2,cas8f_I-F_4
GCA_030068895.1_dCTPdeaminase_5	dCTPdeaminase	dCTPdeaminase	Defense	NZ_JALJNT010000023.1_20	NZ_JALJNT010000023.1_20	NZ_JALJNT010000023.1_20	1	dCTPdeaminase__dCTPdeaminase
GCA_030068895.1_DarTG_6	DarTG	DarTG	Defense	NZ_JALJNT010000004.1_135	NZ_JALJNT010000004.1_136	NZ_JALJNT010000004.1_135,NZ_JALJNT010000004.1_136	2	DarTG__DarG,DarTG__DarT
GCA_030068895.1_pAgo_S2B_10	pAgo	pAgo_S2B	Defense	NZ_JALJNT010000006.1_32	NZ_JALJNT010000006.1_33	NZ_JALJNT010000006.1_32,NZ_JALJNT010000006.1_33	2	pAgo__XAPAZ,pAgo__pAgo_S2B
GCA_030068895.1_AbiE_2	AbiE	AbiE	Defense	NZ_JALJNT010000007.1_271	NZ_JALJNT010000007.1_272	NZ_JALJNT010000007.1_271,NZ_JALJNT010000007.1_272	2	AbiEii__AbiEi_3,AbiEii__AbiEii
GCA_030068895.1_Shedu_4	Shedu	Shedu	Defense	NZ_JALJNT010000007.1_296	NZ_JALJNT010000007.1_296	NZ_JALJNT010000007.1_296	1	Shedu__SduA
