hit_id	replicon	position_hit	hit_sequence_length	gene_name
NC_017954.1_1019	UserReplicon	1019	297	cas3HD_I_1
NC_017954.1_1020	UserReplicon	1020	627	cas3_I_2
NC_017954.1_1020	UserReplicon	1020	627	cas3_I_5
NC_017954.1_1021	UserReplicon	1021	398	cas8a3_I-A_1
NC_017954.1_1022	UserReplicon	1022	310	cas5_I-A_4
NC_017954.1_1023	UserReplicon	1023	359	cas7_I-A_1
NC_017954.1_1023	UserReplicon	1023	359	cas7_I-B_1
NC_017954.1_1023	UserReplicon	1023	359	cas7_I_15
NC_017954.1_1024	UserReplicon	1024	142	csa5gr11_I-A_7
NC_017954.1_1025	UserReplicon	1025	210	casR_I_2
NC_017954.1_1025	UserReplicon	1025	210	casR_I_1
NC_017954.1_1032	UserReplicon	1032	195	drmC
NC_017954.1_1032	UserReplicon	1032	195	Mokosh_TypeI_MkoB
NC_017954.1_1034	UserReplicon	1034	140	HEPN
NC_017954.1_1041	UserReplicon	1041	320	cas6_I-A_III-D_3
NC_017954.1_1041	UserReplicon	1041	320	cas6_I_II_III_IV_V_VI_22
NC_017954.1_1043	UserReplicon	1043	281	cas4_I-A_2
NC_017954.1_1043	UserReplicon	1043	281	cas4_I_II_III_IV_V_VI_7
NC_017954.1_1043	UserReplicon	1043	281	cas4_I-A_1
NC_017954.1_1044	UserReplicon	1044	428	cas1_I_II_III_IV_V_VI_7
NC_017954.1_1044	UserReplicon	1044	428	cas1_I_II_III_IV_V_VI_10
NC_017954.1_1044	UserReplicon	1044	428	cas1_I_II_III_IV_V_VI_5
NC_017954.1_1044	UserReplicon	1044	428	cas1_I_II_III_IV_V_VI_2
NC_017954.1_1044	UserReplicon	1044	428	cas1_I_II_III_IV_V_VI_1
NC_017954.1_1044	UserReplicon	1044	428	cas1_I_II_III_IV_V_VI_8
NC_017954.1_1045	UserReplicon	1045	170	cas4_I_II_III_IV_V_VI_1
NC_017954.1_1045	UserReplicon	1045	170	cas4_I_II_III_IV_V_VI_6
NC_017954.1_1046	UserReplicon	1046	213	casR_I_2
NC_017954.1_1046	UserReplicon	1046	213	casR_I_1
NC_017954.1_1070	UserReplicon	1070	198	ShosTA_ShosT
NC_017954.1_1100	UserReplicon	1100	167	Mokosh_TypeI_MkoB2
NC_017954.1_1100	UserReplicon	1100	167	WH
NC_017954.1_1102	UserReplicon	1102	240	AAA_21
NC_017954.1_1153	UserReplicon	1153	893	PsyrTA_PsyrT
NC_017954.1_1153	UserReplicon	1153	893	Shango_SngC
NC_017954.1_1153	UserReplicon	1153	893	HamB
NC_017954.1_1153	UserReplicon	1153	893	brxHI
NC_017954.1_1170	UserReplicon	1170	273	AAA_21
NC_017954.1_1188	UserReplicon	1188	91	DarG
NC_017954.1_1198	UserReplicon	1198	1010	RL_C
NC_017954.1_1198	UserReplicon	1198	1010	Type_II_MTases
NC_017954.1_1199	UserReplicon	1199	1245	RL_A
NC_017954.1_1201	UserReplicon	1201	1043	drmD
NC_017954.1_1206	UserReplicon	1206	500	HerA_DUF
NC_017954.1_1289	UserReplicon	1289	752	LmuB_SMC_PDDEXK
NC_017954.1_1289	UserReplicon	1289	752	LmuB_SMC_Cap4_nuclease_II
NC_017954.1_1289	UserReplicon	1289	752	LmuB
NC_017954.1_1289	UserReplicon	1289	752	LmuB_SMC_Amidase
NC_017954.1_1289	UserReplicon	1289	752	LmuB_SMC_Hydrolase_protease
NC_017954.1_1289	UserReplicon	1289	752	LmuB_SMC_Mrr
NC_017954.1_1289	UserReplicon	1289	752	LmuB_SMC_Cap4_nuclease
NC_017954.1_1289	UserReplicon	1289	752	JetC_III
NC_017954.1_1290	UserReplicon	1290	667	HerA_DUF
NC_017954.1_1304	UserReplicon	1304	199	LmuB_SMC_PDDEXK
NC_017954.1_1304	UserReplicon	1304	199	LmuB_SMC_Cap4_nuclease_II
NC_017954.1_1304	UserReplicon	1304	199	LmuB_SMC_Hydrolase_protease
NC_017954.1_1304	UserReplicon	1304	199	LmuB_SMC_Lipase
NC_017954.1_1304	UserReplicon	1304	199	LmuB_SMC_Mrr
NC_017954.1_1306	UserReplicon	1306	239	QatD
NC_017954.1_1339	UserReplicon	1339	760	PsyrTA_PsyrT
NC_017954.1_1339	UserReplicon	1339	760	Shango_SngC
NC_017954.1_1339	UserReplicon	1339	760	brxHI
NC_017954.1_135	UserReplicon	135	175	ShosTA_ShosT
NC_017954.1_1356	UserReplicon	1356	713	Shango_SngC
NC_017954.1_1356	UserReplicon	1356	713	HamB
NC_017954.1_1405	UserReplicon	1405	1007	LmuB_SMC_Cap4_nuclease_II
NC_017954.1_1405	UserReplicon	1405	1007	LmuB_SMC_Hydrolase_protease
NC_017954.1_1421	UserReplicon	1421	210	Type_II_MTases
NC_017954.1_156	UserReplicon	156	740	IetA
NC_017954.1_22	UserReplicon	22	653	LmuB_SMC_Cap4_nuclease_II
NC_017954.1_231	UserReplicon	231	546	Type_I_REases
NC_017954.1_234	UserReplicon	234	305	AAA_21
NC_017954.1_25	UserReplicon	25	293	Mokosh_TypeI_MkoA
NC_017954.1_271	UserReplicon	271	323	drmMII
NC_017954.1_271	UserReplicon	271	323	DruM
NC_017954.1_271	UserReplicon	271	323	Type_II_MTases
NC_017954.1_275	UserReplicon	275	168	RosmerTA_RmrA_2662548665
NC_017954.1_275	UserReplicon	275	168	RosmerTA_RmrA_2600853143
NC_017954.1_275	UserReplicon	275	168	RosmerTA_RmrA_2623274509
NC_017954.1_275	UserReplicon	275	168	RosmerTA_RmrA_2677172838
NC_017954.1_275	UserReplicon	275	168	RosmerTA_RmrA_2634882613
NC_017954.1_275	UserReplicon	275	168	RosmerTA_RmrA_2617826694
NC_017954.1_275	UserReplicon	275	168	RosmerTA_RmrA_2634932349
NC_017954.1_276	UserReplicon	276	399	IetA
NC_017954.1_283	UserReplicon	283	366	HerA_DUF
NC_017954.1_283	UserReplicon	283	366	DptH
NC_017954.1_300	UserReplicon	300	626	DptH
NC_017954.1_314	UserReplicon	314	930	PsyrTA_PsyrT
NC_017954.1_314	UserReplicon	314	930	cas3_I_2
NC_017954.1_314	UserReplicon	314	930	cas3_I_5
NC_017954.1_314	UserReplicon	314	930	Shango_SngC
NC_017954.1_314	UserReplicon	314	930	HamB
NC_017954.1_314	UserReplicon	314	930	brxHI
NC_017954.1_315	UserReplicon	315	663	SspD
NC_017954.1_315	UserReplicon	315	663	brxP
NC_017954.1_365	UserReplicon	365	1038	PsyrTA_PsyrT
NC_017954.1_365	UserReplicon	365	1038	cas3_I-D_4
NC_017954.1_365	UserReplicon	365	1038	Shango_SngC
NC_017954.1_414	UserReplicon	414	125	LmuB_SMC_Mrr
NC_017954.1_423	UserReplicon	423	160	Type_II_MTases
NC_017954.1_486	UserReplicon	486	229	ShosTA_ShosT
NC_017954.1_508	UserReplicon	508	247	ISG15-like_BilD
NC_017954.1_508	UserReplicon	508	247	AG_E1_ThiF
NC_017954.1_540	UserReplicon	540	299	Type_II_MTases
NC_017954.1_564	UserReplicon	564	730	IetA
NC_017954.1_58	UserReplicon	58	298	RosmerTA_RmrA_2603008502
NC_017954.1_58	UserReplicon	58	298	RosmerTA_RmrA_2664250653
NC_017954.1_597	UserReplicon	597	223	cas4_I_II_III_IV_V_VI_1
NC_017954.1_630	UserReplicon	630	338	Type_II_MTases
NC_017954.1_633	UserReplicon	633	882	PsyrTA_PsyrT
NC_017954.1_633	UserReplicon	633	882	Shango_SngC
NC_017954.1_633	UserReplicon	633	882	HamB
NC_017954.1_633	UserReplicon	633	882	brxHI
NC_017954.1_641	UserReplicon	641	444	DndA
NC_017954.1_67	UserReplicon	67	303	LmuB_SMC_Amidase
NC_017954.1_67	UserReplicon	67	303	LmuB_SMC_Hydrolase_protease
NC_017954.1_67	UserReplicon	67	303	LmuB_SMC_Mrr
NC_017954.1_67	UserReplicon	67	303	JetC_III
NC_017954.1_67	UserReplicon	67	303	JetC_II
NC_017954.1_691	UserReplicon	691	309	Type_II_MTases
NC_017954.1_72	UserReplicon	72	300	ShosTA_ShosT
NC_017954.1_73	UserReplicon	73	333	Type_II_MTases
NC_017954.1_77	UserReplicon	77	470	Cyclase_new
NC_017954.1_77	UserReplicon	77	470	Cyclase_II
NC_017954.1_77	UserReplicon	77	470	Cyclase_SMODS
NC_017954.1_795	UserReplicon	795	237	AAA_21
NC_017954.1_81	UserReplicon	81	404	Type_II_MTases
NC_017954.1_840	UserReplicon	840	214	AAA_21
NC_017954.1_86	UserReplicon	86	328	Dodola_DolB
NC_017954.1_875	UserReplicon	875	246	Mokosh_TypeI_MkoB2
NC_017954.1_880	UserReplicon	880	251	LmuB_SMC_Cap4_nuclease_II
NC_017954.1_944	UserReplicon	944	246	AAA_21
NC_017954.1_950	UserReplicon	950	456	AAA_21
NC_017954.1_962	UserReplicon	962	446	SspD
NC_017954.1_962	UserReplicon	962	446	brxP
NC_017954.1_98	UserReplicon	98	998	LmuB_SMC_Hydrolase_protease
