hit_id	replicon	hit_pos	hit_sequence_length	gene_name	i_eval	hit_score	hit_profile_cov	hit_seq_cov	hit_begin_match	hit_end_match
NZ_JALJNT010000001.1_31	NZ_JALJNT010000001.1	31	729	Gabija__GajB_1	8.8e-35	116.0	0.902	0.811	28	618
NZ_JALJNT010000001.1_31	NZ_JALJNT010000001.1	31	729	Gabija__GajB_2	2.4e-107	355.5	0.78	0.866	11	641
NZ_JALJNT010000001.1_177	NZ_JALJNT010000001.1	177	363	PsyrTA__PsyrA	1.2e-29	99.0	0.492	0.545	87	284
NZ_JALJNT010000001.1_177	NZ_JALJNT010000001.1	177	363	ShosTA__ShosA	7.1e-62	204.8	0.706	0.584	69	280
NZ_JALJNT010000001.1_238	NZ_JALJNT010000001.1	238	450	Zorya__ZorB	1.6e-06	23.3	0.4	0.22	345	443
NZ_JALJNT010000001.1_250	NZ_JALJNT010000001.1	250	903	Dodola__DolB	1.2999999999999999e-27	92.5	0.416	0.187	589	757
NZ_JALJNT010000001.1_548	NZ_JALJNT010000001.1	548	656	Eleos__LeoBC	2.8e-14	48.5	0.622	0.677	40	483
NZ_JALJNT010000001.1_586	NZ_JALJNT010000001.1	586	638	Shango__SngC	1.5e-16	55.7	0.503	0.544	8	354
NZ_JALJNT010000001.1_586	NZ_JALJNT010000001.1	586	638	PsyrTA__PsyrT	1.1999999999999998e-22	75.4	0.478	0.525	27	361
NZ_JALJNT010000001.1_611	NZ_JALJNT010000001.1	611	459	Shango__SngC	4.0999999999999997e-23	77.4	0.514	0.743	22	362
NZ_JALJNT010000001.1_616	NZ_JALJNT010000001.1	616	933	Dodola__DolB	2.5e-27	91.5	0.445	0.193	573	752
NZ_JALJNT010000001.1_647	NZ_JALJNT010000001.1	647	242	ShosTA__ShosT	2.1e-07	26.5	0.43	0.405	140	237
NZ_JALJNT010000001.1_734	NZ_JALJNT010000001.1	734	330	Abi2__Abi_2	1.4e-50	167.7	0.994	0.639	34	244
NZ_JALJNT010000001.1_734	NZ_JALJNT010000001.1	734	330	AbiD__AbiD	5.8e-92	304.0	0.92	0.988	1	326
NZ_JALJNT010000001.1_735	NZ_JALJNT010000001.1	735	492	RM_Type_II__Type_II_MTases	9.6e-37	122.5	0.642	0.47	156	386
NZ_JALJNT010000001.1_735	NZ_JALJNT010000001.1	735	492	PrrC__EcoprrI	4.3e-58	193.5	0.944	0.976	10	489
NZ_JALJNT010000001.1_735	NZ_JALJNT010000001.1	735	492	RM__Type_I_MTases	2.6000000000000002e-108	358.7	0.9	0.896	49	489
