accession,system family DefenseFinder,system family PADLOC,system family custom,subtype DefenseFinder,subtype PADLOC,subtype custom,present in defence island?, genes,genes DefenseFinder,genes PADLOC, genes custom
GCA_030068895.1,N.A.,SoFIC,N.A.,N.A.,SoFic,N.A.,True,NZ_JALJNT010000001.1_734,N.A.,SoFic,N.A.
GCA_030068895.1,Abi2,Abi2,N.A.,AbiD,AbiD,N.A.,True,NZ_JALJNT010000001.1_735,AbiD__AbiD,AbiD,N.A.
GCA_030068895.1,N.A.,PD-T4-6,N.A.,N.A.,PD-T4-6,N.A.,False,NZ_JALJNT010000005.1_293,N.A.,PD-T4-6,N.A.
GCA_030068895.1,Argonaute,Argonaute,N.A.,pAgo_S2B,argonaute_type_I,N.A.,False,NZ_JALJNT010000006.1_32;NZ_JALJNT010000006.1_33,pAgo__XAPAZ;pAgo__pAgo_S2B,pAgo_I;Aga_REase-PNTD1-PNTD2,N.A.
GCA_030068895.1,AbiE,AbiE,N.A.,AbiE,AbiE,N.A.,False,NZ_JALJNT010000007.1_271;NZ_JALJNT010000007.1_272,AbiEii__AbiEi_3;AbiEii__AbiEii,AbiEii;AbiEi,N.A.
GCA_030068895.1,Gabija,Gabija,N.A.,Gabija,gabija,N.A.,True,NZ_JALJNT010000011.1_12;NZ_JALJNT010000011.1_13,Gabija__GajA;Gabija__GajB_1,GajB;GajA,N.A.
GCA_030068895.1,CBASS,CBASS,N.A.,CBASS_III,cbass_type_III,N.A.,False,NZ_JALJNT010000014.1_53;NZ_JALJNT010000014.1_54;NZ_JALJNT010000014.1_55;NZ_JALJNT010000014.1_56;NZ_JALJNT010000014.1_57,CBASS__Cyclase_II;CBASS__Endonuc_small;CBASS__HORMA;CBASS__TRIP13;CBASS__bacHORMA_2,Effector;Cyclase;HORMA;HORMA;TRIP13,N.A.
GCA_030068895.1,Cas,Cas,N.A.,CAS_Class1-Subtype-I-F,cas_type_I-F1,N.A.,False,NZ_JALJNT010000016.1_1;NZ_JALJNT010000016.1_2;NZ_JALJNT010000016.1_3;NZ_JALJNT010000016.1_4;NZ_JALJNT010000016.1_5;NZ_JALJNT010000016.1_6,cas1_I-F_1;cas3f_I-F_1;cas5f_I-F_3;cas6f_I_II_III_IV_V_VI_3;cas7f_I-F_2;cas8f_I-F_4,Cas1f;Cas23f;Cas8f;Cas5f;Cas7f;Cas6f,N.A.
GCA_030068895.1,dXTPase,N.A.,N.A.,dCTPdeaminase,N.A.,N.A.,False,NZ_JALJNT010000023.1_20,dCTPdeaminase__dCTPdeaminase,N.A.,N.A.
GCA_030068895.1,DarTG,N.A.,N.A.,DarTG,N.A.,N.A.,False,NZ_JALJNT010000004.1_135;NZ_JALJNT010000004.1_136,DarTG__DarG;DarTG__DarT,N.A.,N.A.
GCA_030068895.1,Shedu,N.A.,N.A.,Shedu,N.A.,N.A.,False,NZ_JALJNT010000007.1_296,Shedu__SduA,N.A.,N.A.
GCA_030068895.1,N.A.,N.A.,6A_MBL,N.A.,N.A.,6A_MBL,False,NZ_JALJNT010000002.1_302;NZ_JALJNT010000002.1_303,N.A.,N.A.,Cap2_3;MblB
GCA_030068895.1,N.A.,N.A.,Hermes,N.A.,N.A.,Hermes,True,NZ_JALJNT010000011.1_32,N.A.,N.A.,Hermes
