hit_id	replicon	hit_pos	hit_sequence_length	gene_name	i_eval	hit_score	hit_profile_cov	hit_seq_cov	hit_begin_match	hit_end_match
NZ_CP033058.2_7	GCF_003383595.3_ASM338359v3_genomic	7	227	Gao_Qat__QatD	3.6e-12	42.3	0.783	0.894	21	223
NZ_CP033058.2_90	GCF_003383595.3_ASM338359v3_genomic	90	857	cas9_II-A_II-B_II-C_1	2.5e-62	207.6	0.544	0.558	13	490
NZ_CP033058.2_138	GCF_003383595.3_ASM338359v3_genomic	138	301	Menshen__NsnC_2730555401	7.6e-06	21.8	0.443	0.355	179	285
NZ_CP033058.2_395	GCF_003383595.3_ASM338359v3_genomic	395	226	RM_Type_II__Type_II_MTases	2.3e-06	22.8	0.404	0.619	42	181
NZ_CP033058.2_549	GCF_003383595.3_ASM338359v3_genomic	549	490	Dodola__DolB	1.5e-11	40.2	0.541	0.429	66	275
NZ_CP033058.2_625	GCF_003383595.3_ASM338359v3_genomic	625	385	Gao_Iet__IetA	4e-31	104.5	0.566	0.59	37	263
NZ_CP033058.2_720	GCF_003383595.3_ASM338359v3_genomic	720	158	cas1_I_II_III_IV_V_VI_1	8e-23	77.1	0.432	0.766	2	122
NZ_CP033058.2_720	GCF_003383595.3_ASM338359v3_genomic	720	158	cas1_I_II_III_IV_V_VI_5	4.8999999999999995e-47	156.6	0.487	0.88	2	140
NZ_CP033058.2_721	GCF_003383595.3_ASM338359v3_genomic	721	110	cas2_I_II_III_IV_V_VI_13	2.6e-12	43.0	1.0	0.691	9	84
NZ_CP033058.2_721	GCF_003383595.3_ASM338359v3_genomic	721	110	cas2_I_II_III_IV_V_VI_11	2.4e-18	62.4	0.98	0.9	9	107
NZ_CP033058.2_721	GCF_003383595.3_ASM338359v3_genomic	721	110	cas2_I_II_III_IV_V_VI_6	7.200000000000001e-25	83.7	0.862	0.9	6	104
NZ_CP033058.2_782	GCF_003383595.3_ASM338359v3_genomic	782	914	Lamassu-Fam__LmuB_SMC_Cap4_nuclease_II	1.6e-08	30.2	0.522	0.326	79	376
NZ_CP033058.2_798	GCF_003383595.3_ASM338359v3_genomic	798	141	RM_Type_II__Type_II_REases	6.7e-15	51.5	0.584	0.979	1	138
NZ_CP033058.2_800	GCF_003383595.3_ASM338359v3_genomic	800	167	RM_Type_II__Type_II_MTases	7.4e-38	126.7	0.437	0.964	6	166
NZ_CP033058.2_809	GCF_003383595.3_ASM338359v3_genomic	809	183	DEDDh_I_II_III_IV_V_VI_1	4.9e-25	84.7	0.625	0.541	82	180
NZ_CP033058.2_1085	GCF_003383595.3_ASM338359v3_genomic	1085	484	RT_I_II_III_IV_V_VI_1	6.2e-18	60.9	0.828	0.523	24	276
NZ_CP033058.2_1085	GCF_003383595.3_ASM338359v3_genomic	1085	484	Retron__RT_Tot	4.8e-64	212.8	0.971	0.665	15	336
NZ_CP033058.2_1085	GCF_003383595.3_ASM338359v3_genomic	1085	484	Retron_I_C__RT_1_C3	4.8e-74	246.1	0.71	0.851	17	428
NZ_CP033058.2_1085	GCF_003383595.3_ASM338359v3_genomic	1085	484	Retron_I_C__RT_1_C1	2.5e-121	401.9	0.787	0.928	15	463
NZ_CP033058.2_1085	GCF_003383595.3_ASM338359v3_genomic	1085	484	Retron_I_C__RT_1_C2	4.2e-155	513.5	0.71	0.855	15	428
