accession,system family DefenseFinder,system family PADLOC,system family custom,subtype DefenseFinder,subtype PADLOC,subtype custom,present in defence island?, genes,genes DefenseFinder,genes PADLOC, genes custom
GCF_000264495.1_ASM26449v1_genomic,Argonaute,Argonaute,N.A.,pAgo_LongA,argonaute_solo,N.A.,False,NC_017954.1_631,pAgo__pAgo_LongA,PprPIWI,N.A.
GCF_000264495.1_ASM26449v1_genomic,N.A.,RM,N.A.,N.A.,RM_type_II,N.A.,False,NC_017954.1_691;NC_017954.1_692,N.A.,MTase_II;REase_II,N.A.
GCF_000264495.1_ASM26449v1_genomic,Cas,Cas,N.A.,CAS_Class1-Subtype-I-A,cas_type_I-A,N.A.,True,NC_017954.1_1019;NC_017954.1_1020;NC_017954.1_1021;NC_017954.1_1022;NC_017954.1_1023;NC_017954.1_1024;NC_017954.1_1025,cas3HD_I_1;cas3_I_5;cas5_I-A_4;cas7_I-A_1;cas8a3_I-A_1;casR_I_1;csa5gr11_I-A_7,Cas3a2;Cas3a1;Cas8a;Cas5a;Cas7a;Cas11a;CARF3--CARF,N.A.
GCF_000264495.1_ASM26449v1_genomic,N.A.,Cas,N.A.,N.A.,cas_type_other,N.A.,True,NC_017954.1_1041;NC_017954.1_1043;NC_017954.1_1044;NC_017954.1_1045;NC_017954.1_1046,N.A.,Cas6;Cas4;Cas1a;Cas4;CARF3--CARF,N.A.
