replicon	hit_id	gene_name	hit_pos	model_fqn	sys_id	sys_loci	locus_num	sys_wholeness	sys_score	sys_occ	hit_gene_ref	hit_status	hit_seq_len	hit_i_eval	hit_score	hit_profile_cov	hit_seq_cov	hit_begin_match	hit_end_match	counterpart	used_in	type	subtype	activity
GCA_030068895.1	NZ_JALJNT010000001.1_735	AbiD__AbiD	735	defense-finder-models/DefenseFinder_1/AbiD/AbiD	GCA_030068895.1_AbiD_1	1	1	1.0	1.0	1	AbiD__AbiD	mandatory	330	4.6e-91	304.0	0.92	0.988	1	326			AbiD	AbiD	Defense
GCA_030068895.1	NZ_JALJNT010000011.1_12	Gabija__GajB_1	1061	defense-finder-models/DefenseFinder_1/Gabija/Gabija	GCA_030068895.1_Gabija_3	1	1	1.0	2.0	1	Gabija__GajB_1	mandatory	626	4.2e-141	469.5	0.977	0.979	6	618			Gabija	Gabija	Defense
GCA_030068895.1	NZ_JALJNT010000011.1_13	Gabija__GajA	1062	defense-finder-models/DefenseFinder_1/Gabija/Gabija	GCA_030068895.1_Gabija_3	1	1	1.0	2.0	1	Gabija__GajA	mandatory	779	2.3e-143	477.7	0.993	0.958	1	746			Gabija	Gabija	Defense
GCA_030068895.1	NZ_JALJNT010000014.1_53	CBASS__Endonuc_small	1630	defense-finder-models/DefenseFinder_5/CBASS/CBASS_III	GCA_030068895.1_CBASS_III_9	1	1	1.0	3.0	1	CBASS__Effector_2TM_S_2TMBeta	mandatory	242	3.4e-139	460.9	1.0	0.996	1	241		GCA_030068895.1_CBASS_7,GCA_030068895.1_CBASS_I_8	CBASS	CBASS_III	Defense
GCA_030068895.1	NZ_JALJNT010000014.1_54	CBASS__Cyclase_II	1631	defense-finder-models/DefenseFinder_5/CBASS/CBASS_III	GCA_030068895.1_CBASS_III_9	1	1	1.0	3.0	1	CBASS__Cyclase_SMODS	mandatory	301	7.899999999999999e-24	82.9	0.923	0.99	1	298		GCA_030068895.1_CBASS_7,GCA_030068895.1_CBASS_I_8	CBASS	CBASS_III	Defense
GCA_030068895.1	NZ_JALJNT010000014.1_55	CBASS__bacHORMA_2	1632	defense-finder-models/DefenseFinder_5/CBASS/CBASS_III	GCA_030068895.1_CBASS_III_9	1	1	1.0	3.0	1	CBASS__HORMA	mandatory	167	6.6e-92	304.4	1.0	0.994	1	166		GCA_030068895.1_CBASS_7	CBASS	CBASS_III	Defense
GCA_030068895.1	NZ_JALJNT010000014.1_56	CBASS__HORMA	1633	defense-finder-models/DefenseFinder_5/CBASS/CBASS_III	GCA_030068895.1_CBASS_III_9	1	1	1.0	3.0	1	CBASS__HORMA	mandatory	157	1.7e-76	253.9	1.0	0.994	1	156		GCA_030068895.1_CBASS_7	CBASS	CBASS_III	Defense
GCA_030068895.1	NZ_JALJNT010000014.1_57	CBASS__TRIP13	1634	defense-finder-models/DefenseFinder_5/CBASS/CBASS_III	GCA_030068895.1_CBASS_III_9	1	1	1.0	3.0	1	CBASS__HORMA	mandatory	305	5e-108	359.4	0.987	0.957	10	301		GCA_030068895.1_CBASS_7	CBASS	CBASS_III	Defense
GCA_030068895.1	NZ_JALJNT010000016.1_1	cas1_I-F_1	1831	CasFinder/CAS_Class1-Subtype-I-F	GCA_030068895.1_CAS_Class1-Subtype-I-F_11	1	1	1.0	6.0	1	cas1_I-F_1	mandatory	325	6.1e-154	510.3	1.0	0.945	12	318		GCA_030068895.1_CAS_Class1-Type-I_12,GCA_030068895.1_CAS_Cluster_13	Cas	CAS_Class1-Subtype-I-F	Defense
GCA_030068895.1	NZ_JALJNT010000016.1_2	cas3f_I-F_1	1832	CasFinder/CAS_Class1-Subtype-I-F	GCA_030068895.1_CAS_Class1-Subtype-I-F_11	1	1	1.0	6.0	1	cas3f_I-F_1	mandatory	1077	0.0	1263.2	0.999	0.995	1	1072		GCA_030068895.1_CAS_Class1-Type-I_12,GCA_030068895.1_CAS_Cluster_13	Cas	CAS_Class1-Subtype-I-F	Defense
GCA_030068895.1	NZ_JALJNT010000016.1_3	cas8f_I-F_4	1833	CasFinder/CAS_Class1-Subtype-I-F	GCA_030068895.1_CAS_Class1-Subtype-I-F_11	1	1	1.0	6.0	1	cas8f_I-F_8	mandatory	434	4.2e-146	485.5	0.997	0.853	46	415		GCA_030068895.1_CAS_Class1-Type-I_12,GCA_030068895.1_CAS_Cluster_13	Cas	CAS_Class1-Subtype-I-F	Defense
GCA_030068895.1	NZ_JALJNT010000016.1_4	cas5f_I-F_3	1834	CasFinder/CAS_Class1-Subtype-I-F	GCA_030068895.1_CAS_Class1-Subtype-I-F_11	1	1	1.0	6.0	1	cas5f_I-F_4	mandatory	328	4.9e-106	352.9	0.997	0.936	10	316		GCA_030068895.1_CAS_Class1-Type-I_12,GCA_030068895.1_CAS_Cluster_13	Cas	CAS_Class1-Subtype-I-F	Defense
GCA_030068895.1	NZ_JALJNT010000016.1_5	cas7f_I-F_2	1835	CasFinder/CAS_Class1-Subtype-I-F	GCA_030068895.1_CAS_Class1-Subtype-I-F_11	1	1	1.0	6.0	1	cas7f_I-F_3	mandatory	343	7.7e-142	471.0	1.0	0.965	8	338		GCA_030068895.1_CAS_Class1-Type-I_12,GCA_030068895.1_CAS_Cluster_13	Cas	CAS_Class1-Subtype-I-F	Defense
GCA_030068895.1	NZ_JALJNT010000016.1_6	cas6f_I_II_III_IV_V_VI_3	1836	CasFinder/CAS_Class1-Subtype-I-F	GCA_030068895.1_CAS_Class1-Subtype-I-F_11	1	1	1.0	6.0	1	cas6f_I_II_III_IV_V_VI_3	accessory	188	4.5e-63	211.3	1.0	0.979	4	187		GCA_030068895.1_CAS_Class1-Type-I_12,GCA_030068895.1_CAS_Cluster_13	Cas	CAS_Class1-Subtype-I-F	Defense
GCA_030068895.1	NZ_JALJNT010000023.1_20	dCTPdeaminase__dCTPdeaminase	2983	defense-finder-models/DefenseFinder_1/dCTPdeaminase/dCTPdeaminase	GCA_030068895.1_dCTPdeaminase_5	1	1	1.0	1.0	1	dCTPdeaminase__dCTPdeaminase	mandatory	589	1.4000000000000001e-133	444.7	0.942	0.788	110	573			dCTPdeaminase	dCTPdeaminase	Defense
GCA_030068895.1	NZ_JALJNT010000004.1_135	DarTG__DarG	3882	defense-finder-models/DefenseFinder_2/DarTG/DarTG	GCA_030068895.1_DarTG_6	1	1	1.0	2.0	1	DarTG__DarG	mandatory	460	2e-16	59.1	0.607	0.298	1	137			DarTG	DarTG	Defense
GCA_030068895.1	NZ_JALJNT010000004.1_136	DarTG__DarT	3883	defense-finder-models/DefenseFinder_2/DarTG/DarTG	GCA_030068895.1_DarTG_6	1	1	1.0	2.0	1	DarTG__DarT	mandatory	446	7.4e-40	135.4	0.97	0.426	13	202			DarTG	DarTG	Defense
GCA_030068895.1	NZ_JALJNT010000006.1_32	pAgo__pAgo_S2B	4973	defense-finder-models/DefenseFinder_5/pAgo/pAgo_S2B	GCA_030068895.1_pAgo_S2B_10	1	1	1.0	1.5	1	pAgo__pAgo_S2B	mandatory	472	2.5e-193	641.9	1.0	0.998	1	471			pAgo	pAgo_S2B	Defense
GCA_030068895.1	NZ_JALJNT010000006.1_33	pAgo__XAPAZ	4974	defense-finder-models/DefenseFinder_5/pAgo/pAgo_S2B	GCA_030068895.1_pAgo_S2B_10	1	1	1.0	1.5	1	pAgo__XAPAZ	accessory	490	2.7e-109	364.2	0.966	0.955	14	481			pAgo	pAgo_S2B	Defense
GCA_030068895.1	NZ_JALJNT010000007.1_271	AbiEii__AbiEii	5603	defense-finder-models/DefenseFinder_1/AbiE/AbiE	GCA_030068895.1_AbiE_2	1	1	1.0	2.0	1	AbiEii__AbiEii	mandatory	307	3.6e-43	146.8	0.996	0.879	10	279			AbiE	AbiE	Defense
GCA_030068895.1	NZ_JALJNT010000007.1_272	AbiEii__AbiEi_3	5604	defense-finder-models/DefenseFinder_1/AbiE/AbiE	GCA_030068895.1_AbiE_2	1	1	1.0	2.0	1	AbiEii__AbiEi_1	mandatory	261	3.5000000000000003e-34	116.3	0.937	0.563	106	252			AbiE	AbiE	Defense
GCA_030068895.1	NZ_JALJNT010000007.1_296	Shedu__SduA	5628	defense-finder-models/DefenseFinder_1/Shedu/Shedu	GCA_030068895.1_Shedu_4	1	1	1.0	1.0	1	Shedu__SduA	mandatory	588	2.5e-12	45.6	0.516	0.325	356	546			Shedu	Shedu	Defense
