replicon	hit_id	gene_name	hit_pos	model_fqn	sys_id	sys_loci	locus_num	sys_wholeness	sys_score	sys_occ	hit_gene_ref	hit_status	hit_seq_len	hit_i_eval	hit_score	hit_profile_cov	hit_seq_cov	hit_begin_match	hit_end_match	counterpart	used_in	type	subtype	activity
GCF_003383595.3_ASM338359v3_genomic	NZ_CP033058.2_720	cas1_I_II_III_IV_V_VI_5	720	CasFinder/CAS_Cluster	GCF_003383595.3_ASM338359v3_genomic_CAS_Cluster_3	1	1	0.04	2.0	1	cas1_I_II_III_IV_V_VI_1	mandatory	158	4.8999999999999995e-47	156.6	0.487	0.88	2	140			Cas	CAS_Cluster	Defense
GCF_003383595.3_ASM338359v3_genomic	NZ_CP033058.2_721	cas2_I_II_III_IV_V_VI_6	721	CasFinder/CAS_Cluster	GCF_003383595.3_ASM338359v3_genomic_CAS_Cluster_3	1	1	0.04	2.0	1	cas2_I_II_III_IV_V_VI_1	mandatory	110	7.2e-25	83.7	0.862	0.9	6	104			Cas	CAS_Cluster	Defense
GCF_003383595.3_ASM338359v3_genomic	NZ_CP033058.2_798	RM_Type_II__Type_II_REases	798	defense-finder-models/RM/RM/RM_Type_II	GCF_003383595.3_ASM338359v3_genomic_RM_Type_II_2	1	1	1.0	2.0	1	RM_Type_II__Type_II_REases	mandatory	141	6.7e-15	51.5	0.584	0.979	1	138			RM	RM_Type_II	Defense
GCF_003383595.3_ASM338359v3_genomic	NZ_CP033058.2_800	RM_Type_II__Type_II_MTases	800	defense-finder-models/RM/RM/RM_Type_II	GCF_003383595.3_ASM338359v3_genomic_RM_Type_II_2	1	1	1.0	2.0	1	RM_Type_II__Type_II_MTases	mandatory	167	7.4e-38	126.7	0.437	0.964	6	166			RM	RM_Type_II	Defense
GCF_003383595.3_ASM338359v3_genomic	NZ_CP033058.2_1085	Retron_I_C__RT_1_C2	1085	defense-finder-models/DefenseFinder_5/Retron/Retron_I_C	GCF_003383595.3_ASM338359v3_genomic_Retron_I_C_1	1	1	1.0	1.0	1	Retron_I_C__RT_1_C1	mandatory	484	4.2e-155	513.5	0.71	0.855	15	428			Retron	Retron_I_C	Defense
