accession,system family DefenseFinder,system family PADLOC,system family custom,subtype DefenseFinder,subtype PADLOC,subtype custom,present in defence island?, genes,genes DefenseFinder,genes PADLOC, genes custom
GCF_003383595.3_ASM338359v3_genomic,N.A.,PD-T4-6,N.A.,N.A.,PD-T4-6,N.A.,False,NZ_CP033058.2_666,N.A.,PD-T4-6,N.A.
GCF_003383595.3_ASM338359v3_genomic,N.A.,Cas,N.A.,N.A.,cas_type_other,N.A.,False,NZ_CP033058.2_719;NZ_CP033058.2_720;NZ_CP033058.2_721;NZ_CP033058.2_722,N.A.,Cas1;Cas1;Cas2_II;Csn2,N.A.
GCF_003383595.3_ASM338359v3_genomic,Retron,Retron,N.A.,Retron_I_C,retron_I-C,N.A.,False,NZ_CP033058.2_1085,Retron_I_C__RT_1_C2,RT-Toprim_I-C,N.A.
GCF_003383595.3_ASM338359v3_genomic,RM,N.A.,N.A.,RM_Type_II,N.A.,N.A.,False,NZ_CP033058.2_798;NZ_CP033058.2_800,RM_Type_II__Type_II_MTases;RM_Type_II__Type_II_REases,N.A.,N.A.
