replicon	hit_id	gene_name	hit_pos	model_fqn	sys_id	sys_loci	locus_num	sys_wholeness	sys_score	sys_occ	hit_gene_ref	hit_status	hit_seq_len	hit_i_eval	hit_score	hit_profile_cov	hit_seq_cov	hit_begin_match	hit_end_match	counterpart	used_in	type	subtype	activity
GCF_000264495.1_ASM26449v1_genomic	NC_017954.1_631	pAgo__pAgo_LongA	631	defense-finder-models/DefenseFinder_5/pAgo/pAgo_LongA	GCF_000264495.1_ASM26449v1_genomic_pAgo_LongA_1	1	1	1.0	1.0	1	pAgo__pAgo_LongA	mandatory	795	7.6e-23	77.3	0.781	0.789	157	783			pAgo	pAgo_LongA	Defense
GCF_000264495.1_ASM26449v1_genomic	NC_017954.1_1019	cas3HD_I_1	1019	CasFinder/CAS_Class1-Subtype-I-A	GCF_000264495.1_ASM26449v1_genomic_CAS_Class1-Subtype-I-A_2	1	1	0.667	6.0	1	cas3HD_I_1	accessory	297	1.5e-14	50.7	0.936	0.791	27	261		GCF_000264495.1_ASM26449v1_genomic_CAS_Class1-Type-I_3	Cas	CAS_Class1-Subtype-I-A	Defense
GCF_000264495.1_ASM26449v1_genomic	NC_017954.1_1020	cas3_I_5	1020	CasFinder/CAS_Class1-Subtype-I-A	GCF_000264495.1_ASM26449v1_genomic_CAS_Class1-Subtype-I-A_2	1	1	0.667	6.0	1	cas3_I_5	accessory	627	7.499999999999999e-53	176.3	0.652	0.833	18	539		GCF_000264495.1_ASM26449v1_genomic_CAS_Class1-Type-I_3,GCF_000264495.1_ASM26449v1_genomic_CAS_Cluster_4	Cas	CAS_Class1-Subtype-I-A	Defense
GCF_000264495.1_ASM26449v1_genomic	NC_017954.1_1021	cas8a3_I-A_1	1021	CasFinder/CAS_Class1-Subtype-I-A	GCF_000264495.1_ASM26449v1_genomic_CAS_Class1-Subtype-I-A_2	1	1	0.667	6.0	1	cas8a1_I-A_1	mandatory	398	1.1e-49	165.8	0.984	0.977	8	396		GCF_000264495.1_ASM26449v1_genomic_CAS_Class1-Type-I_3,GCF_000264495.1_ASM26449v1_genomic_CAS_Cluster_4	Cas	CAS_Class1-Subtype-I-A	Defense
GCF_000264495.1_ASM26449v1_genomic	NC_017954.1_1022	cas5_I-A_4	1022	CasFinder/CAS_Class1-Subtype-I-A	GCF_000264495.1_ASM26449v1_genomic_CAS_Class1-Subtype-I-A_2	1	1	0.667	6.0	1	cas5a_I-A_1	mandatory	310	1.2e-16	57.5	0.838	0.587	14	195		GCF_000264495.1_ASM26449v1_genomic_CAS_Class1-Type-I_3,GCF_000264495.1_ASM26449v1_genomic_CAS_Cluster_4	Cas	CAS_Class1-Subtype-I-A	Defense
GCF_000264495.1_ASM26449v1_genomic	NC_017954.1_1023	cas7_I-A_1	1023	CasFinder/CAS_Class1-Subtype-I-A	GCF_000264495.1_ASM26449v1_genomic_CAS_Class1-Subtype-I-A_2	1	1	0.667	6.0	1	cas7_I-A_1	mandatory	359	7.199999999999999e-69	228.4	0.978	0.786	8	289		GCF_000264495.1_ASM26449v1_genomic_CAS_Class1-Type-I_3,GCF_000264495.1_ASM26449v1_genomic_CAS_Cluster_4	Cas	CAS_Class1-Subtype-I-A	Defense
GCF_000264495.1_ASM26449v1_genomic	NC_017954.1_1024	csa5gr11_I-A_7	1024	CasFinder/CAS_Class1-Subtype-I-A	GCF_000264495.1_ASM26449v1_genomic_CAS_Class1-Subtype-I-A_2	1	1	0.667	6.0	1	csa5gr11_I-A_3	mandatory	142	6.3e-51	168.3	0.929	0.831	2	119		GCF_000264495.1_ASM26449v1_genomic_CAS_Class1-Type-I_3,GCF_000264495.1_ASM26449v1_genomic_CAS_Cluster_4	Cas	CAS_Class1-Subtype-I-A	Defense
GCF_000264495.1_ASM26449v1_genomic	NC_017954.1_1025	casR_I_1	1025	CasFinder/CAS_Class1-Subtype-I-A	GCF_000264495.1_ASM26449v1_genomic_CAS_Class1-Subtype-I-A_2	1	1	0.667	6.0	1	casR_I_1	neutral	210	8.7e-20	67.5	0.939	0.9	4	192		GCF_000264495.1_ASM26449v1_genomic_CAS_Class1-Type-I_3,GCF_000264495.1_ASM26449v1_genomic_CAS_Cluster_4	Cas	CAS_Class1-Subtype-I-A	Defense
